Workbook

Sheet Задача 1 (Б)
A1: ЗАДАЧА 1 | C1: Метод Базена | F1: менять только значения по варианту!
A2: № Вар | B2: Кол-во заявок в замкнутой СеМО, N | C2: Кол-во фаз в замкнутой СеМО, m | D2: Среднее время обработки заявок в ОА одноканальной многофазной СеМО (с),
D5: 1 фаза, | E5: 2 фаза, | F5: 3 фаза, | G5: 4фаза, | H5: 5 фаза,
A7: B5 | B7: 8 | C7: 5 | D7: 1 | E7: 1 | F7: 2 | G7: 0 | H7: 0
E9: p12 | F9: p13 | G9: p14 | H9: p15
E10: 1 | F10: 1 | G10: 1 | H10: 1
D11: X1 | E11: X2 | F11: X3 | G11: X4 | H11: X5
D12: 1 | E12: =$D$12*(E7/$D$7)*E10 -> 1 | F12: =$D$12*(F7/$D$7)*F10 -> 2 | G12: =$D$12*(G7/$D$7)*G10 -> 0 | H12: =$D$12*(H7/$D$7)*H10 -> 0
C14: Матрица вспомогательных коэффициентов | J14: для L
C15: i/j | D15: 1 | E15: =D15+1 -> 2 | F15: =E15+1 -> 3 | G15: =F15+1 -> 4 | H15: =G15+1 -> 5 | J15: 1 | K15: 2 | L15: 3 | M15: 4 | N15: 5
C16: 0 | D16: 1 | E16: =D16 -> 1 | F16: =E16 -> 1 | G16: =F16 -> 1 | H16: =G16 -> 1
C17: 1 | D17: 1 | E17: =D17+E16*E$12 -> 2 | F17: =E17+F16*F$12 -> 4 | G17: =F17+G16*G$12 -> 4 | H17: =G17+H16*H$12 -> 4 | J17: =(D$12^$C17)*INDIRECT(ADDRESS(16+$B$7-$C17,8)) -> 502 | K17: =(E$12^$C17)*INDIRECT(ADDRESS(16+$B$7-$C17,8)) -> 502 | L17: =(F$12^$C17)*INDIRECT(ADDRESS(16+$B$7-$C17,8)) -> 1004 | M17: =(G$12^$C17)*INDIRECT(ADDRESS(16+$B$7-$C17,8)) -> 0 | N17: =(H$12^$C17)*INDIRECT(ADDRESS(16+$B$7-$C17,8)) -> 0
C18: =C17+1 -> 2 | D18: =D16 -> 1 | E18: =D18+E17*E$12 -> 3 | F18: =E18+F17*F$12 -> 11 | G18: =F18+G17*G$12 -> 11 | H18: =G18+H17*H$12 -> 11 | J18: =(D$12^$C18)*INDIRECT(ADDRESS(16+$B$7-$C18,8)) -> 247 | K18: =(E$12^$C18)*INDIRECT(ADDRESS(16+$B$7-$C18,8)) -> 247 | L18: =(F$12^$C18)*INDIRECT(ADDRESS(16+$B$7-$C18,8)) -> 988 | M18: =(G$12^$C18)*INDIRECT(ADDRESS(16+$B$7-$C18,8)) -> 0 | N18: =(H$12^$C18)*INDIRECT(ADDRESS(16+$B$7-$C18,8)) -> 0
C19: =C18+1 -> 3 | D19: =D18 -> 1 | E19: =D19+E18*E$12 -> 4 | F19: =E19+F18*F$12 -> 26 | G19: =F19+G18*G$12 -> 26 | H19: =G19+H18*H$12 -> 26 | J19: =(D$12^$C19)*INDIRECT(ADDRESS(16+$B$7-$C19,8)) -> 120 | K19: =(E$12^$C19)*INDIRECT(ADDRESS(16+$B$7-$C19,8)) -> 120 | L19: =(F$12^$C19)*INDIRECT(ADDRESS(16+$B$7-$C19,8)) -> 960 | M19: =(G$12^$C19)*INDIRECT(ADDRESS(16+$B$7-$C19,8)) -> 0 | N19: =(H$12^$C19)*INDIRECT(ADDRESS(16+$B$7-$C19,8)) -> 0
C20: =C19+1 -> 4 | D20: =D19 -> 1 | E20: =D20+E19*E$12 -> 5 | F20: =E20+F19*F$12 -> 57 | G20: =F20+G19*G$12 -> 57 | H20: =G20+H19*H$12 -> 57 | J20: =(D$12^$C20)*INDIRECT(ADDRESS(16+$B$7-$C20,8)) -> 57 | K20: =(E$12^$C20)*INDIRECT(ADDRESS(16+$B$7-$C20,8)) -> 57 | L20: =(F$12^$C20)*INDIRECT(ADDRESS(16+$B$7-$C20,8)) -> 912 | M20: =(G$12^$C20)*INDIRECT(ADDRESS(16+$B$7-$C20,8)) -> 0 | N20: =(H$12^$C20)*INDIRECT(ADDRESS(16+$B$7-$C20,8)) -> 0
C21: =C20+1 -> 5 | D21: =D20 -> 1 | E21: =D21+E20*E$12 -> 6 | F21: =E21+F20*F$12 -> 120 | G21: =F21+G20*G$12 -> 120 | H21: =G21+H20*H$12 -> 120 | J21: =(D$12^$C21)*INDIRECT(ADDRESS(16+$B$7-$C21,8)) -> 26 | K21: =(E$12^$C21)*INDIRECT(ADDRESS(16+$B$7-$C21,8)) -> 26 | L21: =(F$12^$C21)*INDIRECT(ADDRESS(16+$B$7-$C21,8)) -> 832 | M21: =(G$12^$C21)*INDIRECT(ADDRESS(16+$B$7-$C21,8)) -> 0 | N21: =(H$12^$C21)*INDIRECT(ADDRESS(16+$B$7-$C21,8)) -> 0
C22: =C21+1 -> 6 | D22: =D21 -> 1 | E22: =D22+E21*E$12 -> 7 | F22: =E22+F21*F$12 -> 247 | G22: =F22+G21*G$12 -> 247 | H22: =G22+H21*H$12 -> 247 | J22: =(D$12^$C22)*INDIRECT(ADDRESS(16+$B$7-$C22,8)) -> 11 | K22: =(E$12^$C22)*INDIRECT(ADDRESS(16+$B$7-$C22,8)) -> 11 | L22: =(F$12^$C22)*INDIRECT(ADDRESS(16+$B$7-$C22,8)) -> 704 | M22: =(G$12^$C22)*INDIRECT(ADDRESS(16+$B$7-$C22,8)) -> 0 | N22: =(H$12^$C22)*INDIRECT(ADDRESS(16+$B$7-$C22,8)) -> 0
C23: =C22+1 -> 7 | D23: =D22 -> 1 | E23: =D23+E22*E$12 -> 8 | F23: =E23+F22*F$12 -> 502 | G23: =F23+G22*G$12 -> 502 | H23: =G23+H22*H$12 -> 502 | J23: =(D$12^$C23)*INDIRECT(ADDRESS(16+$B$7-$C23,8)) -> 4 | K23: =(E$12^$C23)*INDIRECT(ADDRESS(16+$B$7-$C23,8)) -> 4 | L23: =(F$12^$C23)*INDIRECT(ADDRESS(16+$B$7-$C23,8)) -> 512 | M23: =(G$12^$C23)*INDIRECT(ADDRESS(16+$B$7-$C23,8)) -> 0 | N23: =(H$12^$C23)*INDIRECT(ADDRESS(16+$B$7-$C23,8)) -> 0
A24: в отчет копировать только строки до N по варианту -> | C24: =C23+1 -> 8 | D24: =D23 -> 1 | E24: =D24+E23*E$12 -> 9 | F24: =E24+F23*F$12 -> 1013 | G24: =F24+G23*G$12 -> 1013 | H24: =G24+H23*H$12 -> 1013 | J24: =(D$12^$C24)*INDIRECT(ADDRESS(16+$B$7-$C24,8)) -> 1 | K24: =(E$12^$C24)*INDIRECT(ADDRESS(16+$B$7-$C24,8)) -> 1 | L24: =(F$12^$C24)*INDIRECT(ADDRESS(16+$B$7-$C24,8)) -> 256 | M24: =(G$12^$C24)*INDIRECT(ADDRESS(16+$B$7-$C24,8)) -> 0 | N24: =(H$12^$C24)*INDIRECT(ADDRESS(16+$B$7-$C24,8)) -> 0
C25: =C24+1 -> 9 | D25: =D24 -> 1 | E25: =D25+E24*E$12 -> 10 | F25: =E25+F24*F$12 -> 2036 | G25: =F25+G24*G$12 -> 2036 | H25: =G25+H24*H$12 -> 2036 | J25: =(D$12^$C25)*INDIRECT(ADDRESS(16+$B$7-$C25,8)) -> 5 | K25: =(E$12^$C25)*INDIRECT(ADDRESS(16+$B$7-$C25,8)) -> 5 | L25: =(F$12^$C25)*INDIRECT(ADDRESS(16+$B$7-$C25,8)) -> 2560 | M25: =(G$12^$C25)*INDIRECT(ADDRESS(16+$B$7-$C25,8)) -> 0 | N25: =(H$12^$C25)*INDIRECT(ADDRESS(16+$B$7-$C25,8)) -> 0
C26: =C25+1 -> 10 | D26: =D25 -> 1 | E26: =D26+E25*E$12 -> 11 | F26: =E26+F25*F$12 -> 4083 | G26: =F26+G25*G$12 -> 4083 | H26: =G26+H25*H$12 -> 4083 | J26: =(D$12^$C26)*INDIRECT(ADDRESS(16+$B$7-$C26,8)) -> 0 | K26: =(E$12^$C26)*INDIRECT(ADDRESS(16+$B$7-$C26,8)) -> 0 | L26: =(F$12^$C26)*INDIRECT(ADDRESS(16+$B$7-$C26,8)) -> 0 | M26: =(G$12^$C26)*INDIRECT(ADDRESS(16+$B$7-$C26,8)) -> 0 | N26: =(H$12^$C26)*INDIRECT(ADDRESS(16+$B$7-$C26,8)) -> 0
C27: =C26+1 -> 11 | D27: =D26 -> 1 | E27: =D27+E26*E$12 -> 12 | F27: =E27+F26*F$12 -> 8178 | G27: =F27+G26*G$12 -> 8178 | H27: =G27+H26*H$12 -> 8178 | J27: =(D$12^$C27)*INDIRECT(ADDRESS(16+$B$7-$C27,8)) -> 0 | K27: =(E$12^$C27)*INDIRECT(ADDRESS(16+$B$7-$C27,8)) -> 0 | L27: =(F$12^$C27)*INDIRECT(ADDRESS(16+$B$7-$C27,8)) -> 0 | M27: =(G$12^$C27)*INDIRECT(ADDRESS(16+$B$7-$C27,8)) -> 0 | N27: =(H$12^$C27)*INDIRECT(ADDRESS(16+$B$7-$C27,8)) -> 0
C28: =C27+1 -> 12 | D28: =D27 -> 1 | E28: =D28+E27*E$12 -> 13 | F28: =E28+F27*F$12 -> 16369 | G28: =F28+G27*G$12 -> 16369 | H28: =G28+H27*H$12 -> 16369 | J28: =(D$12^$C28)*INDIRECT(ADDRESS(16+$B$7-$C28,8)) -> 0 | K28: =(E$12^$C28)*INDIRECT(ADDRESS(16+$B$7-$C28,8)) -> 0 | L28: =(F$12^$C28)*INDIRECT(ADDRESS(16+$B$7-$C28,8)) -> 0 | M28: =(G$12^$C28)*INDIRECT(ADDRESS(16+$B$7-$C28,8)) -> 0 | N28: =(H$12^$C28)*INDIRECT(ADDRESS(16+$B$7-$C28,8)) -> 0
C29: =C28+1 -> 13 | D29: =D28 -> 1 | E29: =D29+E28*E$12 -> 14 | F29: =E29+F28*F$12 -> 32752 | G29: =F29+G28*G$12 -> 32752 | H29: =G29+H28*H$12 -> 32752 | J29: =(D$12^$C29)*INDIRECT(ADDRESS(16+$B$7-$C29,8)) -> #VALUE! | K29: =(E$12^$C29)*INDIRECT(ADDRESS(16+$B$7-$C29,8)) -> #VALUE! | L29: =(F$12^$C29)*INDIRECT(ADDRESS(16+$B$7-$C29,8)) -> #VALUE! | M29: =(G$12^$C29)*INDIRECT(ADDRESS(16+$B$7-$C29,8)) -> #VALUE! | N29: =(H$12^$C29)*INDIRECT(ADDRESS(16+$B$7-$C29,8)) -> #VALUE!
C30: =C29+1 -> 14 | D30: =D29 -> 1 | E30: =D30+E29*E$12 -> 15 | F30: =E30+F29*F$12 -> 65519 | G30: =F30+G29*G$12 -> 65519 | H30: =G30+H29*H$12 -> 65519 | J30: =(D$12^$C30)*INDIRECT(ADDRESS(16+$B$7-$C30,8)) -> 1 | K30: =(E$12^$C30)*INDIRECT(ADDRESS(16+$B$7-$C30,8)) -> 1 | L30: =(F$12^$C30)*INDIRECT(ADDRESS(16+$B$7-$C30,8)) -> 16384 | M30: =(G$12^$C30)*INDIRECT(ADDRESS(16+$B$7-$C30,8)) -> 0 | N30: =(H$12^$C30)*INDIRECT(ADDRESS(16+$B$7-$C30,8)) -> 0
C31: =C30+1 -> 15 | D31: =D30 -> 1 | E31: =D31+E30*E$12 -> 16 | F31: =E31+F30*F$12 -> 131054 | G31: =F31+G30*G$12 -> 131054 | H31: =G31+H30*H$12 -> 131054 | J31: =(D$12^$C31)*INDIRECT(ADDRESS(16+$B$7-$C31,8)) -> #VALUE! | K31: =(E$12^$C31)*INDIRECT(ADDRESS(16+$B$7-$C31,8)) -> #VALUE! | L31: =(F$12^$C31)*INDIRECT(ADDRESS(16+$B$7-$C31,8)) -> #VALUE! | M31: =(G$12^$C31)*INDIRECT(ADDRESS(16+$B$7-$C31,8)) -> #VALUE! | N31: =(H$12^$C31)*INDIRECT(ADDRESS(16+$B$7-$C31,8)) -> #VALUE!
D33: p1 | E33: p2 | F33: p3 | G33: p4 | H33: p5
D34: =INDIRECT(ADDRESS(15+$B$7,8))/INDIRECT(ADDRESS(16+$B$7,8)) -> 0.49555775 | E34: =$D$34*E12 -> 0.49555775 | F34: =$D$34*F12 -> 0.9911155 | G34: =$D$34*G12 -> 0 | H34: =$D$34*H12 -> 0
D36: 1 | E36: =D36+1 -> 2 | F36: =E36+1 -> 3 | G36: =F36+1 -> 4 | H36: =G36+1 -> 5 | I36: Проверка
C37: L | D37: =SUM(J17:INDIRECT(ADDRESS(16+$B$7,9+D$36)))/INDIRECT(ADDRESS(16+$B$7,8)) -> 0.95557749 | E37: =SUM(K17:INDIRECT(ADDRESS(16+$B$7,9+E$36)))/INDIRECT(ADDRESS(16+$B$7,8)) -> 0.95557749 | F37: =SUM(L17:INDIRECT(ADDRESS(16+$B$7,9+F$36)))/INDIRECT(ADDRESS(16+$B$7,8)) -> 6.088845 | G37: =SUM(M17:INDIRECT(ADDRESS(16+$B$7,9+G$36)))/INDIRECT(ADDRESS(16+$B$7,8)) -> 0 | H37: =SUM(N17:INDIRECT(ADDRESS(16+$B$7,9+H$36)))/INDIRECT(ADDRESS(16+$B$7,8)) -> 0 | I37: =SUM(D37:H37) -> 8 | J37: = | K37: =B7 -> 8
C38: Q | D38: =D37-D34 -> 0.46001974 | E38: =E37-E34 -> 0.46001974 | F38: =F37-F34 -> 5.0977295 | G38: =G37-G34 -> 0 | H38: =H37-H34 -> 0
C39: T | D39: =$D$43*D37/$B$7 -> 1.9282869 | E39: =$D$43*E37/$B$7 -> 1.9282869 | F39: =$D$43*F37/$B$7 -> 12.286853 | G39: =$D$43*G37/$B$7 -> 0 | H39: =$D$43*H37/$B$7 -> 0 | I39: =SUM(D39:H39) -> 16.143426 | J39: = | K39: =$D$43 -> 16.143426
C40: W | D40: =D39-D7 -> 0.92828685 | E40: =E39-E7 -> 0.92828685 | F40: =F39-F7 -> 10.286853 | G40: =G39-G7 -> 0 | H40: =H39-H7 -> 0
D42: Tц | E42: lambda
D43: =B7*D7/D34 -> 16.143426 | E43: =B7/D43 -> 0.49555775

Sheet Задача 2 (Б)
A1: ЗАДАЧА 2 | C1: Метод Базена | F1: менять только значения по варианту!
A2: № Вар | B2: Кол-во заявок в замкнутой СеМО, | C2: Кол-во фаз в замкнутой СеМО, | D2: Среднее время обработки заявок в ОА одноканальной многофазной СеМО (с),
D5: 1 фаза, | E5: 2 фаза, | F5: 3 фаза, | G5: 4 фаза, | H5: 5 фаза, (2 ОА)
A7: B5 | B7: 8 | C7: 5 | D7: 1 | E7: 1 | F7: 2 | G7: 0 | H7: 0
E9: p12 | F9: p13 | G9: p14 | H9: p15
E10: 1 | F10: 1 | G10: 1 | H10: 1
D11: X1 | E11: X2 | F11: X3 | G11: X4 | H11: X5
D12: 1 | E12: =$D$12*(E7/$D$7)*E10 -> 1 | F12: =$D$12*(F7/$D$7)*F10*0.5 -> 1 | G12: =$D$12*(G7/$D$7)*G10 -> 0 | H12: =$D$12*(H7/$D$7)*H10*0.5 -> 0
C14: Матрица вспомогательных коэффициентов | J14: для L
C15: i/j | D15: 1 | E15: =D15+1 -> 2 | F15: =E15+1 -> 3 | G15: =F15+1 -> 4 | H15: =G15+1 -> 5 | J15: 1 | K15: 2 | L15: 3 | M15: 4 | N15: 5
C16: 0 | D16: 1 | E16: =D16 -> 1 | F16: =E16 -> 1 | G16: =F16 -> 1 | H16: =G16 -> 1
C17: 1 | D17: 1 | E17: =D17+E16*E$12 -> 2 | F17: =E17+F16*F$12 -> 3 | G17: =F17+G16*G$12 -> 3 | H17: =G17+H$12*(H16+G16) -> 3 | J17: =(D$12^$C17)*INDIRECT(ADDRESS(16+$B$7-$C17,8)) -> 36 | K17: =(E$12^$C17)*INDIRECT(ADDRESS(16+$B$7-$C17,8)) -> 36 | L17: =(F$12^$C17)*INDIRECT(ADDRESS(16+$B$7-$C17,8)) -> 36 | M17: =(G$12^$C17)*INDIRECT(ADDRESS(16+$B$7-$C17,8)) -> 0 | N17: =(H$12^$C17)*(INDIRECT(ADDRESS(16+$B$7-$C17,8))+INDIRECT(ADDRESS(16+$B$7-$C17,7))) -> 0
C18: =C17+1 -> 2 | D18: =D16 -> 1 | E18: =D18+E17*E$12 -> 3 | F18: =E18+F17*F$12 -> 6 | G18: =F18+G17*G$12 -> 6 | H18: =G18+H$12*(H17+G17) -> 6 | J18: =(D$12^$C18)*INDIRECT(ADDRESS(16+$B$7-$C18,8)) -> 28 | K18: =(E$12^$C18)*INDIRECT(ADDRESS(16+$B$7-$C18,8)) -> 28 | L18: =(F$12^$C18)*INDIRECT(ADDRESS(16+$B$7-$C18,8)) -> 28 | M18: =(G$12^$C18)*INDIRECT(ADDRESS(16+$B$7-$C18,8)) -> 0 | N18: =(H$12^$C18)*(INDIRECT(ADDRESS(16+$B$7-$C18,8))+INDIRECT(ADDRESS(16+$B$7-$C18,7))) -> 0
C19: =C18+1 -> 3 | D19: =D18 -> 1 | E19: =D19+E18*E$12 -> 4 | F19: =E19+F18*F$12 -> 10 | G19: =F19+G18*G$12 -> 10 | H19: =G19+H$12*(H18+G18) -> 10 | J19: =(D$12^$C19)*INDIRECT(ADDRESS(16+$B$7-$C19,8)) -> 21 | K19: =(E$12^$C19)*INDIRECT(ADDRESS(16+$B$7-$C19,8)) -> 21 | L19: =(F$12^$C19)*INDIRECT(ADDRESS(16+$B$7-$C19,8)) -> 21 | M19: =(G$12^$C19)*INDIRECT(ADDRESS(16+$B$7-$C19,8)) -> 0 | N19: =(H$12^$C19)*(INDIRECT(ADDRESS(16+$B$7-$C19,8))+INDIRECT(ADDRESS(16+$B$7-$C19,7))) -> 0
C20: =C19+1 -> 4 | D20: =D19 -> 1 | E20: =D20+E19*E$12 -> 5 | F20: =E20+F19*F$12 -> 15 | G20: =F20+G19*G$12 -> 15 | H20: =G20+H$12*(H19+G19) -> 15 | J20: =(D$12^$C20)*INDIRECT(ADDRESS(16+$B$7-$C20,8)) -> 15 | K20: =(E$12^$C20)*INDIRECT(ADDRESS(16+$B$7-$C20,8)) -> 15 | L20: =(F$12^$C20)*INDIRECT(ADDRESS(16+$B$7-$C20,8)) -> 15 | M20: =(G$12^$C20)*INDIRECT(ADDRESS(16+$B$7-$C20,8)) -> 0 | N20: =(H$12^$C20)*(INDIRECT(ADDRESS(16+$B$7-$C20,8))+INDIRECT(ADDRESS(16+$B$7-$C20,7))) -> 0
C21: =C20+1 -> 5 | D21: =D20 -> 1 | E21: =D21+E20*E$12 -> 6 | F21: =E21+F20*F$12 -> 21 | G21: =F21+G20*G$12 -> 21 | H21: =G21+H$12*(H20+G20) -> 21 | J21: =(D$12^$C21)*INDIRECT(ADDRESS(16+$B$7-$C21,8)) -> 10 | K21: =(E$12^$C21)*INDIRECT(ADDRESS(16+$B$7-$C21,8)) -> 10 | L21: =(F$12^$C21)*INDIRECT(ADDRESS(16+$B$7-$C21,8)) -> 10 | M21: =(G$12^$C21)*INDIRECT(ADDRESS(16+$B$7-$C21,8)) -> 0 | N21: =(H$12^$C21)*(INDIRECT(ADDRESS(16+$B$7-$C21,8))+INDIRECT(ADDRESS(16+$B$7-$C21,7))) -> 0
C22: =C21+1 -> 6 | D22: =D21 -> 1 | E22: =D22+E21*E$12 -> 7 | F22: =E22+F21*F$12 -> 28 | G22: =F22+G21*G$12 -> 28 | H22: =G22+H$12*(H21+G21) -> 28 | J22: =(D$12^$C22)*INDIRECT(ADDRESS(16+$B$7-$C22,8)) -> 6 | K22: =(E$12^$C22)*INDIRECT(ADDRESS(16+$B$7-$C22,8)) -> 6 | L22: =(F$12^$C22)*INDIRECT(ADDRESS(16+$B$7-$C22,8)) -> 6 | M22: =(G$12^$C22)*INDIRECT(ADDRESS(16+$B$7-$C22,8)) -> 0 | N22: =(H$12^$C22)*(INDIRECT(ADDRESS(16+$B$7-$C22,8))+INDIRECT(ADDRESS(16+$B$7-$C22,7))) -> 0
C23: =C22+1 -> 7 | D23: =D22 -> 1 | E23: =D23+E22*E$12 -> 8 | F23: =E23+F22*F$12 -> 36 | G23: =F23+G22*G$12 -> 36 | H23: =G23+H$12*(H22+G22) -> 36 | J23: =(D$12^$C23)*INDIRECT(ADDRESS(16+$B$7-$C23,8)) -> 3 | K23: =(E$12^$C23)*INDIRECT(ADDRESS(16+$B$7-$C23,8)) -> 3 | L23: =(F$12^$C23)*INDIRECT(ADDRESS(16+$B$7-$C23,8)) -> 3 | M23: =(G$12^$C23)*INDIRECT(ADDRESS(16+$B$7-$C23,8)) -> 0 | N23: =(H$12^$C23)*(INDIRECT(ADDRESS(16+$B$7-$C23,8))+INDIRECT(ADDRESS(16+$B$7-$C23,7))) -> 0
C24: =C23+1 -> 8 | D24: =D23 -> 1 | E24: =D24+E23*E$12 -> 9 | F24: =E24+F23*F$12 -> 45 | G24: =F24+G23*G$12 -> 45 | H24: =G24+H$12*(H23+G23) -> 45 | J24: =(D$12^$C24)*INDIRECT(ADDRESS(16+$B$7-$C24,8)) -> 1 | K24: =(E$12^$C24)*INDIRECT(ADDRESS(16+$B$7-$C24,8)) -> 1 | L24: =(F$12^$C24)*INDIRECT(ADDRESS(16+$B$7-$C24,8)) -> 1 | M24: =(G$12^$C24)*INDIRECT(ADDRESS(16+$B$7-$C24,8)) -> 0 | N24: =(H$12^$C24)*(INDIRECT(ADDRESS(16+$B$7-$C24,8))+INDIRECT(ADDRESS(16+$B$7-$C24,7))) -> 0
C25: =C24+1 -> 9 | D25: =D24 -> 1 | E25: =D25+E24*E$12 -> 10 | F25: =E25+F24*F$12 -> 55 | G25: =F25+G24*G$12 -> 55 | H25: =G25+H$12*(H24+G24) -> 55 | J25: =(D$12^$C25)*INDIRECT(ADDRESS(16+$B$7-$C25,8)) -> 5 | K25: =(E$12^$C25)*INDIRECT(ADDRESS(16+$B$7-$C25,8)) -> 5 | L25: =(F$12^$C25)*INDIRECT(ADDRESS(16+$B$7-$C25,8)) -> 5 | M25: =(G$12^$C25)*INDIRECT(ADDRESS(16+$B$7-$C25,8)) -> 0 | N25: =(H$12^$C25)*(INDIRECT(ADDRESS(16+$B$7-$C25,8))+INDIRECT(ADDRESS(16+$B$7-$C25,7))) -> 0
C26: =C25+1 -> 10 | D26: =D25 -> 1 | E26: =D26+E25*E$12 -> 11 | F26: =E26+F25*F$12 -> 66 | G26: =F26+G25*G$12 -> 66 | H26: =G26+H$12*(H25+G25) -> 66 | J26: =(D$12^$C26)*INDIRECT(ADDRESS(16+$B$7-$C26,8)) -> 0 | K26: =(E$12^$C26)*INDIRECT(ADDRESS(16+$B$7-$C26,8)) -> 0 | L26: =(F$12^$C26)*INDIRECT(ADDRESS(16+$B$7-$C26,8)) -> 0 | M26: =(G$12^$C26)*INDIRECT(ADDRESS(16+$B$7-$C26,8)) -> 0 | N26: =(H$12^$C26)*(INDIRECT(ADDRESS(16+$B$7-$C26,8))+INDIRECT(ADDRESS(16+$B$7-$C26,7))) -> 0
C27: =C26+1 -> 11 | D27: =D26 -> 1 | E27: =D27+E26*E$12 -> 12 | F27: =E27+F26*F$12 -> 78 | G27: =F27+G26*G$12 -> 78 | H27: =G27+H$12*(H26+G26) -> 78 | J27: =(D$12^$C27)*INDIRECT(ADDRESS(16+$B$7-$C27,8)) -> 0 | K27: =(E$12^$C27)*INDIRECT(ADDRESS(16+$B$7-$C27,8)) -> 0 | L27: =(F$12^$C27)*INDIRECT(ADDRESS(16+$B$7-$C27,8)) -> 0 | M27: =(G$12^$C27)*INDIRECT(ADDRESS(16+$B$7-$C27,8)) -> 0 | N27: =(H$12^$C27)*(INDIRECT(ADDRESS(16+$B$7-$C27,8))+INDIRECT(ADDRESS(16+$B$7-$C27,7))) -> 0
C28: =C27+1 -> 12 | D28: =D27 -> 1 | E28: =D28+E27*E$12 -> 13 | F28: =E28+F27*F$12 -> 91 | G28: =F28+G27*G$12 -> 91 | H28: =G28+H$12*(H27+G27) -> 91 | J28: =(D$12^$C28)*INDIRECT(ADDRESS(16+$B$7-$C28,8)) -> 0 | K28: =(E$12^$C28)*INDIRECT(ADDRESS(16+$B$7-$C28,8)) -> 0 | L28: =(F$12^$C28)*INDIRECT(ADDRESS(16+$B$7-$C28,8)) -> 0 | M28: =(G$12^$C28)*INDIRECT(ADDRESS(16+$B$7-$C28,8)) -> 0 | N28: =(H$12^$C28)*(INDIRECT(ADDRESS(16+$B$7-$C28,8))+INDIRECT(ADDRESS(16+$B$7-$C28,7))) -> 0
A29: в отчет копировать только строки до N по варианту -> | C29: =C28+1 -> 13 | D29: =D28 -> 1 | E29: =D29+E28*E$12 -> 14 | F29: =E29+F28*F$12 -> 105 | G29: =F29+G28*G$12 -> 105 | H29: =G29+H$12*(H28+G28) -> 105 | J29: =(D$12^$C29)*INDIRECT(ADDRESS(16+$B$7-$C29,8)) -> #VALUE! | K29: =(E$12^$C29)*INDIRECT(ADDRESS(16+$B$7-$C29,8)) -> #VALUE! | L29: =(F$12^$C29)*INDIRECT(ADDRESS(16+$B$7-$C29,8)) -> #VALUE! | M29: =(G$12^$C29)*INDIRECT(ADDRESS(16+$B$7-$C29,8)) -> #VALUE! | N29: =(H$12^$C29)*(INDIRECT(ADDRESS(16+$B$7-$C29,8))+INDIRECT(ADDRESS(16+$B$7-$C29,7))) -> #VALUE!
C30: =C29+1 -> 14 | D30: =D29 -> 1 | E30: =D30+E29*E$12 -> 15 | F30: =E30+F29*F$12 -> 120 | G30: =F30+G29*G$12 -> 120 | H30: =G30+H$12*(H29+G29) -> 120 | J30: =(D$12^$C30)*INDIRECT(ADDRESS(16+$B$7-$C30,8)) -> 1 | K30: =(E$12^$C30)*INDIRECT(ADDRESS(16+$B$7-$C30,8)) -> 1 | L30: =(F$12^$C30)*INDIRECT(ADDRESS(16+$B$7-$C30,8)) -> 1 | M30: =(G$12^$C30)*INDIRECT(ADDRESS(16+$B$7-$C30,8)) -> 0 | N30: =(H$12^$C30)*(INDIRECT(ADDRESS(16+$B$7-$C30,8))+INDIRECT(ADDRESS(16+$B$7-$C30,7))) -> 0
C31: =C30+1 -> 15 | D31: =D30 -> 1 | E31: =D31+E30*E$12 -> 16 | F31: =E31+F30*F$12 -> 136 | G31: =F31+G30*G$12 -> 136 | H31: =G31+H$12*(H30+G30) -> 136 | J31: =(D$12^$C31)*INDIRECT(ADDRESS(16+$B$7-$C31,8)) -> #VALUE! | K31: =(E$12^$C31)*INDIRECT(ADDRESS(16+$B$7-$C31,8)) -> #VALUE! | L31: =(F$12^$C31)*INDIRECT(ADDRESS(16+$B$7-$C31,8)) -> #VALUE! | M31: =(G$12^$C31)*INDIRECT(ADDRESS(16+$B$7-$C31,8)) -> #VALUE! | N31: =(H$12^$C31)*(INDIRECT(ADDRESS(16+$B$7-$C31,8))+INDIRECT(ADDRESS(16+$B$7-$C31,7))) -> #VALUE!
D33: p1 | E33: p2 | F33: p3 | G33: p4 | H33: p5 | I33: U5
D34: =INDIRECT(ADDRESS(15+$B$7,8))/INDIRECT(ADDRESS(16+$B$7,8)) -> 0.8 | E34: =$D$34*E12 -> 0.8 | F34: =F12*I34 -> 0.97777778 | G34: =$D$34*G12 -> 0 | H34: =H12*I34 -> 0 | I34: =F12*((INDIRECT(ADDRESS(15+$B$7,6))+INDIRECT(ADDRESS(15+$B$7,5)))/INDIRECT(ADDRESS(16+$B$7,6))) -> 0.97777778
D36: 1 | E36: =D36+1 -> 2 | F36: =E36+1 -> 3 | G36: =F36+1 -> 4 | H36: =G36+1 -> 5 | I36: Проверка
C37: L | D37: =SUM(J17:INDIRECT(ADDRESS(16+$B$7,9+D$36)))/INDIRECT(ADDRESS(16+$B$7,8)) -> 2.6666667 | E37: =SUM(K17:INDIRECT(ADDRESS(16+$B$7,9+E$36)))/INDIRECT(ADDRESS(16+$B$7,8)) -> 2.6666667 | F37: =SUM(L17:INDIRECT(ADDRESS(16+$B$7,9+F$36)))/INDIRECT(ADDRESS(16+$B$7,8)) -> 2.6666667 | G37: =SUM(M17:INDIRECT(ADDRESS(16+$B$7,9+G$36)))/INDIRECT(ADDRESS(16+$B$7,8)) -> 0 | H37: =SUM(N17:INDIRECT(ADDRESS(16+$B$7,9+H$36)))/INDIRECT(ADDRESS(16+$B$7,8)) -> 0 | I37: =SUM(D37:H37) -> 8 | J37: = | K37: =B7 -> 8
C38: Q | D38: =D37-D34 -> 1.8666667 | E38: =E37-E34 -> 1.8666667 | F38: =F37-F34 -> 1.6888889 | G38: =G37-G34 -> 0 | H38: =H37-H34 -> 0
C39: T | D39: =$D$43*D37/$B$7 -> 3.3333333 | E39: =$D$43*E37/$B$7 -> 3.3333333 | F39: =$D$43*F37/$B$7 -> 3.3333333 | G39: =$D$43*G37/$B$7 -> 0 | H39: =$D$43*H37/$B$7 -> 0 | I39: =SUM(D39:H39) -> 10 | J39: = | K39: =$D$43 -> 10
C40: W | D40: =D39-D7 -> 2.3333333 | E40: =E39-E7 -> 2.3333333 | F40: =F39-F7 -> 1.3333333 | G40: =G39-G7 -> 0 | H40: =H39-H7 -> 0
D42: Tц | E42: lambda
D43: =B7*D7/D34 -> 10 | E43: =B7/D43 -> 0.8

Sheet Задача 3 (УМ)
A1: ЗАДАЧА 3 | C1: Метод "Узкое место" | F1: менять только значения по варианту!
A2: № Вар | B2: Кол-во заявок в замкнутой СеМО, | C2: Кол-во фаз в замкнутой СеМО, | D2: Среднее время обработки заявок в ОА одноканальной многофазной СеМО (с),
D5: 1 фаза, | E5: 2 фаза, | F5: 3 фаза, | G5: 4 фаза, | H5: 5 фаза
A7: B5 | B7: 8 | C7: 5 | D7: 1 | E7: 1 | F7: 2 | G7: 0 | H7: 0
A9: Tц | B9: lambda
A10: =$B$7*MAX($D$7:$H$7)+SUM($D$10:$H$10)-MAX($D$7:$H$7) -> 17 | B10: =$B$7/A10 -> 0.47058824 | D10: =D$7*D$7/MAX($D$7:$H$7) -> 0.5 | E10: =E$7*E$7/MAX($D$7:$H$7) -> 0.5 | F10: =F$7*F$7/MAX($D$7:$H$7) -> 2 | G10: =G$7*G$7/MAX($D$7:$H$7) -> 0 | H10: =H$7*H$7/MAX($D$7:$H$7) -> 0 | I10: <- для расчета Tц
D12: p1 | E12: p2 | F12: p3 | G12: p4 | H12: p5
D13: =$B$7*D$7/$A$10 -> 0.47058824 | E13: =$B$7*E$7/$A$10 -> 0.47058824 | F13: =$B$7*F$7/$A$10 -> 0.94117647 | G13: =$B$7*G$7/$A$10 -> 0 | H13: =$B$7*H$7/$A$10 -> 0
D15: 1 | E15: =D15+1 -> 2 | F15: =E15+1 -> 3 | G15: =F15+1 -> 4 | H15: =G15+1 -> 5
C16: L | D16: =D17+D13 -> 0.67973856 | E16: =E17+E13 -> 0.67973856 | F16: =F17+F13 -> 8.4705882 | G16: =G17+G13 -> 0 | H16: =H17+H13 -> 0 | I16: =SUM(D16:H16) -> 9.8300654 | J16: ~ | K16: =B7 -> 8
C17: Q | D17: =D13*D13/(2*(1-D13)) -> 0.20915033 | E17: =E13*E13/(2*(1-E13)) -> 0.20915033 | F17: =F13*F13/(2*(1-F13)) -> 7.5294118 | G17: =G13*G13/(2*(1-G13)) -> 0 | H17: =H13*H13/(2*(1-H13)) -> 0
C18: T | D18: =D16/$B$10 -> 1.4444444 | E18: =E16/$B$10 -> 1.4444444 | F18: =F16/$B$10 -> 18 | G18: =G16/$B$10 -> 0 | H18: =H16/$B$10 -> 0 | I18: =SUM(D18:H18) -> 20.888889 | J18: ~ | K18: =$A$10 -> 17
C19: W | D19: =D17/$B$10 -> 0.44444444 | E19: =E17/$B$10 -> 0.44444444 | F19: =F17/$B$10 -> 16 | G19: =G17/$B$10 -> 0 | H19: =H17/$B$10 -> 0

Sheet Задача 4 (СБ)
A1: ЗАДАЧА 4 | C1: Метод "баланса" | F1: менять только значения по варианту!
A2: № Вар | B2: Кол-во заявок в замкнутой СеМО, | C2: Кол-во фаз в замкнутой СеМО, | D2: Среднее время обработки заявок в ОА одноканальной многофазной СеМО (с),
D5: 1 фаза, | E5: 2 фаза, | F5: 3 фаза, | G5: 4 фаза, | H5: 5 фаза
A7: B5 | B7: 8 | C7: 5 | D7: 1 | E7: 1 | F7: 2 | G7: 0 | H7: 0
A9: pc | B9: Tц | C9: lambda
A10: =$B$7*$C$7/($B$7+$C$7-1) -> 3.3333333 | B10: =$B$7*D7/D13 -> 9.6 | C10: =$B$7/$B$10 -> 0.83333333
D12: p1 | E12: p2 | F12: p3 | G12: p4 | H12: p5
D13: =($A$10*D7)/(SUM($D$7:$H$7)) -> 0.83333333 | E13: =($A$10*E7)/(SUM($D$7:$H$7)) -> 0.83333333 | F13: =($A$10*F7)/(SUM($D$7:$H$7)) -> 1.6666667 | G13: =($A$10*G7)/(SUM($D$7:$H$7)) -> 0 | H13: =($A$10*H7)/(SUM($D$7:$H$7)) -> 0
D15: 1 | E15: =D15+1 -> 2 | F15: =E15+1 -> 3 | G15: =F15+1 -> 4 | H15: =G15+1 -> 5
C16: L | D16: =D17+D13 -> 2.9166667 | E16: =E17+E13 -> 2.9166667 | F16: =F17+F13 -> -0.41666667 | G16: =G17+G13 -> 0 | H16: =H17+H13 -> 0
C17: Q | D17: =D13*D13/(2*(1-D13)) -> 2.0833333 | E17: =E13*E13/(2*(1-E13)) -> 2.0833333 | F17: =F13*F13/(2*(1-F13)) -> -2.0833333 | G17: =G13*G13/(2*(1-G13)) -> 0 | H17: =H13*H13/(2*(1-H13)) -> 0
C18: T | D18: =D16/$C$10 -> 3.5 | E18: =E16/$C$10 -> 3.5 | F18: =F16/$C$10 -> -0.5 | G18: =G16/$C$10 -> 0 | H18: =H16/$C$10 -> 0
C19: W | D19: =D17/$C$10 -> 2.5 | E19: =E17/$C$10 -> 2.5 | F19: =F17/$C$10 -> -2.5 | G19: =G17/$C$10 -> 0 | H19: =H17/$C$10 -> 0

Sheet Задача 5 (К)
A1: Сравнение методов | C1: Значения по варианту для задачи 5 заполнять только здесь !
A2: № Вар | B2: Кол-во заявок в замкнутой СеМО, | C2: Кол-во фаз в замкнутой СеМО, | D2: Среднее время обработки заявок в ОА одноканальной многофазной СеМО (с),
D5: 1 фаза, | E5: 2 фаза, | F5: 3 фаза, | G5: 4 фаза, | H5: 5 фаза
A7: B5 | B7: 8 | C7: 5 | D7: 1 | E7: 1 | F7: 2 | G7: 0 | H7: 0
A10: Метод | B10: Рассчитанная величина
G11: , с
A12: Базена | B12: ='5.1'!D34 -> 0.49555775 | C12: ='5.1'!E34 -> 0.49555775 | D12: ='5.1'!F34 -> 0.9911155 | E12: ='5.1'!G34 -> 0 | F12: ='5.1'!H34 -> 0 | G12: ='5.1'!D43 -> 16.143426
A13: "узкое место" | B13: ='5.2'!D13 -> 0.47058824 | C13: ='5.2'!E13 -> 0.47058824 | D13: ='5.2'!F13 -> 0.94117647 | E13: ='5.2'!G13 -> 0 | F13: ='5.2'!H13 -> 0 | G13: ='5.2'!A10 -> 17
A14: "баланса" | B14: ='5.3'!D13 -> 0.83333333 | C14: ='5.3'!E13 -> 0.83333333 | D14: ='5.3'!F13 -> 1.6666667 | E14: ='5.3'!G13 -> 0 | F14: ='5.3'!H13 -> 0 | G14: ='5.3'!B10 -> 9.6
B16: Относительная погрешность метода "узкое место" по сравнению с методом "Базена"
A17: % | G17: , с
B18: =(ABS(B13-B12)/B12)*100 -> 5.0386689 | C18: =(ABS(C13-C12)/C12)*100 -> 5.0386689 | D18: =(ABS(D13-D12)/D12)*100 -> 5.0386689 | E18: =(ABS(E13-E12)/E12)*100 -> #DIV/0! | F18: =(ABS(F13-F12)/F12)*100 -> #DIV/0! | G18: =(ABS(G13-G12)/G12)*100 -> 5.3060217
B20: Относительная погрешность метода "баланса" по сравнению с методом "Базена"
A21: % | G21: , с
B22: =(ABS(B14-B12)/B12)*100 -> 68.160691 | C22: =(ABS(C14-C12)/C12)*100 -> 68.160691 | D22: =(ABS(D14-D12)/D12)*100 -> 68.160691 | E22: =(ABS(E14-E12)/E12)*100 -> #DIV/0! | F22: =(ABS(F14-F12)/F12)*100 -> #DIV/0! | G22: =(ABS(G14-G12)/G12)*100 -> 40.53307

Sheet 5.1
A1: Метод "Базена"
A2: № Вар | B2: Кол-во заявок в замкнутой СеМО, N | C2: Кол-во фаз в замкнутой СеМО, m | D2: Среднее время обработки заявок в ОА одноканальной многофазной СеМО (с),
D5: 1 фаза, | E5: 2 фаза, | F5: 3 фаза, | G5: 4фаза, | H5: 5 фаза,
A7: B5 | B7: 8 | C7: 5 | D7: 1 | E7: 1 | F7: 2 | G7: 0 | H7: 0
E9: p12 | F9: p13 | G9: p14 | H9: p15
E10: 1 | F10: 1 | G10: 1 | H10: 1
D11: X1 | E11: X2 | F11: X3 | G11: X4 | H11: X5
D12: 1 | E12: =$D$12*(E7/$D$7)*E10 -> 1 | F12: =$D$12*(F7/$D$7)*F10 -> 2 | G12: =$D$12*(G7/$D$7)*G10 -> 0 | H12: =$D$12*(H7/$D$7)*H10 -> 0
C14: Матрица вспомогательных коэффициентов | J14: для L
C15: i/j | D15: 1 | E15: =D15+1 -> 2 | F15: =E15+1 -> 3 | G15: =F15+1 -> 4 | H15: =G15+1 -> 5 | J15: 1 | K15: 2 | L15: 3 | M15: 4 | N15: 5
C16: 0 | D16: 1 | E16: =D16 -> 1 | F16: =E16 -> 1 | G16: =F16 -> 1 | H16: =G16 -> 1
C17: 1 | D17: 1 | E17: =D17+E16*E$12 -> 2 | F17: =E17+F16*F$12 -> 4 | G17: =F17+G16*G$12 -> 4 | H17: =G17+H16*H$12 -> 4 | J17: =(D$12^$C17)*INDIRECT(ADDRESS(16+$B$7-$C17,8)) -> 502 | K17: =(E$12^$C17)*INDIRECT(ADDRESS(16+$B$7-$C17,8)) -> 502 | L17: =(F$12^$C17)*INDIRECT(ADDRESS(16+$B$7-$C17,8)) -> 1004 | M17: =(G$12^$C17)*INDIRECT(ADDRESS(16+$B$7-$C17,8)) -> 0 | N17: =(H$12^$C17)*INDIRECT(ADDRESS(16+$B$7-$C17,8)) -> 0
C18: =C17+1 -> 2 | D18: =D16 -> 1 | E18: =D18+E17*E$12 -> 3 | F18: =E18+F17*F$12 -> 11 | G18: =F18+G17*G$12 -> 11 | H18: =G18+H17*H$12 -> 11 | J18: =(D$12^$C18)*INDIRECT(ADDRESS(16+$B$7-$C18,8)) -> 247 | K18: =(E$12^$C18)*INDIRECT(ADDRESS(16+$B$7-$C18,8)) -> 247 | L18: =(F$12^$C18)*INDIRECT(ADDRESS(16+$B$7-$C18,8)) -> 988 | M18: =(G$12^$C18)*INDIRECT(ADDRESS(16+$B$7-$C18,8)) -> 0 | N18: =(H$12^$C18)*INDIRECT(ADDRESS(16+$B$7-$C18,8)) -> 0
C19: =C18+1 -> 3 | D19: =D18 -> 1 | E19: =D19+E18*E$12 -> 4 | F19: =E19+F18*F$12 -> 26 | G19: =F19+G18*G$12 -> 26 | H19: =G19+H18*H$12 -> 26 | J19: =(D$12^$C19)*INDIRECT(ADDRESS(16+$B$7-$C19,8)) -> 120 | K19: =(E$12^$C19)*INDIRECT(ADDRESS(16+$B$7-$C19,8)) -> 120 | L19: =(F$12^$C19)*INDIRECT(ADDRESS(16+$B$7-$C19,8)) -> 960 | M19: =(G$12^$C19)*INDIRECT(ADDRESS(16+$B$7-$C19,8)) -> 0 | N19: =(H$12^$C19)*INDIRECT(ADDRESS(16+$B$7-$C19,8)) -> 0
C20: =C19+1 -> 4 | D20: =D19 -> 1 | E20: =D20+E19*E$12 -> 5 | F20: =E20+F19*F$12 -> 57 | G20: =F20+G19*G$12 -> 57 | H20: =G20+H19*H$12 -> 57 | J20: =(D$12^$C20)*INDIRECT(ADDRESS(16+$B$7-$C20,8)) -> 57 | K20: =(E$12^$C20)*INDIRECT(ADDRESS(16+$B$7-$C20,8)) -> 57 | L20: =(F$12^$C20)*INDIRECT(ADDRESS(16+$B$7-$C20,8)) -> 912 | M20: =(G$12^$C20)*INDIRECT(ADDRESS(16+$B$7-$C20,8)) -> 0 | N20: =(H$12^$C20)*INDIRECT(ADDRESS(16+$B$7-$C20,8)) -> 0
C21: =C20+1 -> 5 | D21: =D20 -> 1 | E21: =D21+E20*E$12 -> 6 | F21: =E21+F20*F$12 -> 120 | G21: =F21+G20*G$12 -> 120 | H21: =G21+H20*H$12 -> 120 | J21: =(D$12^$C21)*INDIRECT(ADDRESS(16+$B$7-$C21,8)) -> 26 | K21: =(E$12^$C21)*INDIRECT(ADDRESS(16+$B$7-$C21,8)) -> 26 | L21: =(F$12^$C21)*INDIRECT(ADDRESS(16+$B$7-$C21,8)) -> 832 | M21: =(G$12^$C21)*INDIRECT(ADDRESS(16+$B$7-$C21,8)) -> 0 | N21: =(H$12^$C21)*INDIRECT(ADDRESS(16+$B$7-$C21,8)) -> 0
C22: =C21+1 -> 6 | D22: =D21 -> 1 | E22: =D22+E21*E$12 -> 7 | F22: =E22+F21*F$12 -> 247 | G22: =F22+G21*G$12 -> 247 | H22: =G22+H21*H$12 -> 247 | J22: =(D$12^$C22)*INDIRECT(ADDRESS(16+$B$7-$C22,8)) -> 11 | K22: =(E$12^$C22)*INDIRECT(ADDRESS(16+$B$7-$C22,8)) -> 11 | L22: =(F$12^$C22)*INDIRECT(ADDRESS(16+$B$7-$C22,8)) -> 704 | M22: =(G$12^$C22)*INDIRECT(ADDRESS(16+$B$7-$C22,8)) -> 0 | N22: =(H$12^$C22)*INDIRECT(ADDRESS(16+$B$7-$C22,8)) -> 0
C23: =C22+1 -> 7 | D23: =D22 -> 1 | E23: =D23+E22*E$12 -> 8 | F23: =E23+F22*F$12 -> 502 | G23: =F23+G22*G$12 -> 502 | H23: =G23+H22*H$12 -> 502 | J23: =(D$12^$C23)*INDIRECT(ADDRESS(16+$B$7-$C23,8)) -> 4 | K23: =(E$12^$C23)*INDIRECT(ADDRESS(16+$B$7-$C23,8)) -> 4 | L23: =(F$12^$C23)*INDIRECT(ADDRESS(16+$B$7-$C23,8)) -> 512 | M23: =(G$12^$C23)*INDIRECT(ADDRESS(16+$B$7-$C23,8)) -> 0 | N23: =(H$12^$C23)*INDIRECT(ADDRESS(16+$B$7-$C23,8)) -> 0
A24: в отчет копировать только строки до N по варианту -> | C24: =C23+1 -> 8 | D24: =D23 -> 1 | E24: =D24+E23*E$12 -> 9 | F24: =E24+F23*F$12 -> 1013 | G24: =F24+G23*G$12 -> 1013 | H24: =G24+H23*H$12 -> 1013 | J24: =(D$12^$C24)*INDIRECT(ADDRESS(16+$B$7-$C24,8)) -> 1 | K24: =(E$12^$C24)*INDIRECT(ADDRESS(16+$B$7-$C24,8)) -> 1 | L24: =(F$12^$C24)*INDIRECT(ADDRESS(16+$B$7-$C24,8)) -> 256 | M24: =(G$12^$C24)*INDIRECT(ADDRESS(16+$B$7-$C24,8)) -> 0 | N24: =(H$12^$C24)*INDIRECT(ADDRESS(16+$B$7-$C24,8)) -> 0
C25: =C24+1 -> 9 | D25: =D24 -> 1 | E25: =D25+E24*E$12 -> 10 | F25: =E25+F24*F$12 -> 2036 | G25: =F25+G24*G$12 -> 2036 | H25: =G25+H24*H$12 -> 2036 | J25: =(D$12^$C25)*INDIRECT(ADDRESS(16+$B$7-$C25,8)) -> 5 | K25: =(E$12^$C25)*INDIRECT(ADDRESS(16+$B$7-$C25,8)) -> 5 | L25: =(F$12^$C25)*INDIRECT(ADDRESS(16+$B$7-$C25,8)) -> 2560 | M25: =(G$12^$C25)*INDIRECT(ADDRESS(16+$B$7-$C25,8)) -> 0 | N25: =(H$12^$C25)*INDIRECT(ADDRESS(16+$B$7-$C25,8)) -> 0
C26: =C25+1 -> 10 | D26: =D25 -> 1 | E26: =D26+E25*E$12 -> 11 | F26: =E26+F25*F$12 -> 4083 | G26: =F26+G25*G$12 -> 4083 | H26: =G26+H25*H$12 -> 4083 | J26: =(D$12^$C26)*INDIRECT(ADDRESS(16+$B$7-$C26,8)) -> 0 | K26: =(E$12^$C26)*INDIRECT(ADDRESS(16+$B$7-$C26,8)) -> 0 | L26: =(F$12^$C26)*INDIRECT(ADDRESS(16+$B$7-$C26,8)) -> 0 | M26: =(G$12^$C26)*INDIRECT(ADDRESS(16+$B$7-$C26,8)) -> 0 | N26: =(H$12^$C26)*INDIRECT(ADDRESS(16+$B$7-$C26,8)) -> 0
C27: =C26+1 -> 11 | D27: =D26 -> 1 | E27: =D27+E26*E$12 -> 12 | F27: =E27+F26*F$12 -> 8178 | G27: =F27+G26*G$12 -> 8178 | H27: =G27+H26*H$12 -> 8178 | J27: =(D$12^$C27)*INDIRECT(ADDRESS(16+$B$7-$C27,8)) -> 0 | K27: =(E$12^$C27)*INDIRECT(ADDRESS(16+$B$7-$C27,8)) -> 0 | L27: =(F$12^$C27)*INDIRECT(ADDRESS(16+$B$7-$C27,8)) -> 0 | M27: =(G$12^$C27)*INDIRECT(ADDRESS(16+$B$7-$C27,8)) -> 0 | N27: =(H$12^$C27)*INDIRECT(ADDRESS(16+$B$7-$C27,8)) -> 0
C28: =C27+1 -> 12 | D28: =D27 -> 1 | E28: =D28+E27*E$12 -> 13 | F28: =E28+F27*F$12 -> 16369 | G28: =F28+G27*G$12 -> 16369 | H28: =G28+H27*H$12 -> 16369 | J28: =(D$12^$C28)*INDIRECT(ADDRESS(16+$B$7-$C28,8)) -> 0 | K28: =(E$12^$C28)*INDIRECT(ADDRESS(16+$B$7-$C28,8)) -> 0 | L28: =(F$12^$C28)*INDIRECT(ADDRESS(16+$B$7-$C28,8)) -> 0 | M28: =(G$12^$C28)*INDIRECT(ADDRESS(16+$B$7-$C28,8)) -> 0 | N28: =(H$12^$C28)*INDIRECT(ADDRESS(16+$B$7-$C28,8)) -> 0
C29: =C28+1 -> 13 | D29: =D28 -> 1 | E29: =D29+E28*E$12 -> 14 | F29: =E29+F28*F$12 -> 32752 | G29: =F29+G28*G$12 -> 32752 | H29: =G29+H28*H$12 -> 32752 | J29: =(D$12^$C29)*INDIRECT(ADDRESS(16+$B$7-$C29,8)) -> #VALUE! | K29: =(E$12^$C29)*INDIRECT(ADDRESS(16+$B$7-$C29,8)) -> #VALUE! | L29: =(F$12^$C29)*INDIRECT(ADDRESS(16+$B$7-$C29,8)) -> #VALUE! | M29: =(G$12^$C29)*INDIRECT(ADDRESS(16+$B$7-$C29,8)) -> #VALUE! | N29: =(H$12^$C29)*INDIRECT(ADDRESS(16+$B$7-$C29,8)) -> #VALUE!
C30: =C29+1 -> 14 | D30: =D29 -> 1 | E30: =D30+E29*E$12 -> 15 | F30: =E30+F29*F$12 -> 65519 | G30: =F30+G29*G$12 -> 65519 | H30: =G30+H29*H$12 -> 65519 | J30: =(D$12^$C30)*INDIRECT(ADDRESS(16+$B$7-$C30,8)) -> 1 | K30: =(E$12^$C30)*INDIRECT(ADDRESS(16+$B$7-$C30,8)) -> 1 | L30: =(F$12^$C30)*INDIRECT(ADDRESS(16+$B$7-$C30,8)) -> 16384 | M30: =(G$12^$C30)*INDIRECT(ADDRESS(16+$B$7-$C30,8)) -> 0 | N30: =(H$12^$C30)*INDIRECT(ADDRESS(16+$B$7-$C30,8)) -> 0
C31: =C30+1 -> 15 | D31: =D30 -> 1 | E31: =D31+E30*E$12 -> 16 | F31: =E31+F30*F$12 -> 131054 | G31: =F31+G30*G$12 -> 131054 | H31: =G31+H30*H$12 -> 131054 | J31: =(D$12^$C31)*INDIRECT(ADDRESS(16+$B$7-$C31,8)) -> #VALUE! | K31: =(E$12^$C31)*INDIRECT(ADDRESS(16+$B$7-$C31,8)) -> #VALUE! | L31: =(F$12^$C31)*INDIRECT(ADDRESS(16+$B$7-$C31,8)) -> #VALUE! | M31: =(G$12^$C31)*INDIRECT(ADDRESS(16+$B$7-$C31,8)) -> #VALUE! | N31: =(H$12^$C31)*INDIRECT(ADDRESS(16+$B$7-$C31,8)) -> #VALUE!
D33: p1 | E33: p2 | F33: p3 | G33: p4 | H33: p5
D34: =INDIRECT(ADDRESS(15+$B$7,8))/INDIRECT(ADDRESS(16+$B$7,8)) -> 0.49555775 | E34: =$D$34*E12 -> 0.49555775 | F34: =$D$34*F12 -> 0.9911155 | G34: =$D$34*G12 -> 0 | H34: =$D$34*H12 -> 0
D36: 1 | E36: =D36+1 -> 2 | F36: =E36+1 -> 3 | G36: =F36+1 -> 4 | H36: =G36+1 -> 5 | I36: Проверка
C37: L | D37: =SUM(J17:INDIRECT(ADDRESS(16+$B$7,9+D$36)))/INDIRECT(ADDRESS(16+$B$7,8)) -> 0.95557749 | E37: =SUM(K17:INDIRECT(ADDRESS(16+$B$7,9+E$36)))/INDIRECT(ADDRESS(16+$B$7,8)) -> 0.95557749 | F37: =SUM(L17:INDIRECT(ADDRESS(16+$B$7,9+F$36)))/INDIRECT(ADDRESS(16+$B$7,8)) -> 6.088845 | G37: =SUM(M17:INDIRECT(ADDRESS(16+$B$7,9+G$36)))/INDIRECT(ADDRESS(16+$B$7,8)) -> 0 | H37: =SUM(N17:INDIRECT(ADDRESS(16+$B$7,9+H$36)))/INDIRECT(ADDRESS(16+$B$7,8)) -> 0 | I37: =SUM(D37:H37) -> 8 | J37: = | K37: =B7 -> 8
C38: Q | D38: =D37-D34 -> 0.46001974 | E38: =E37-E34 -> 0.46001974 | F38: =F37-F34 -> 5.0977295 | G38: =G37-G34 -> 0 | H38: =H37-H34 -> 0
C39: T | D39: =$D$43*D37/$B$7 -> 1.9282869 | E39: =$D$43*E37/$B$7 -> 1.9282869 | F39: =$D$43*F37/$B$7 -> 12.286853 | G39: =$D$43*G37/$B$7 -> 0 | H39: =$D$43*H37/$B$7 -> 0 | I39: =SUM(D39:H39) -> 16.143426 | J39: = | K39: =$D$43 -> 16.143426
C40: W | D40: =D39-D7 -> 0.92828685 | E40: =E39-E7 -> 0.92828685 | F40: =F39-F7 -> 10.286853 | G40: =G39-G7 -> 0 | H40: =H39-H7 -> 0
D42: Tц | E42: lambda
D43: =B7*D7/D34 -> 16.143426 | E43: =B7/D43 -> 0.49555775

Sheet 5.2
A1: Метод "Узкое место"
A2: № Вар | B2: Кол-во заявок в замкнутой СеМО, | C2: Кол-во фаз в замкнутой СеМО, | D2: Среднее время обработки заявок в ОА одноканальной многофазной СеМО (с),
D5: 1 фаза, | E5: 2 фаза, | F5: 3 фаза, | G5: 4 фаза, | H5: 5 фаза
A7: ='Задача 5 (К)'!A7 -> B5 | B7: ='Задача 5 (К)'!B7 -> 8 | C7: ='Задача 5 (К)'!C7 -> 5 | D7: ='Задача 5 (К)'!D7 -> 1 | E7: ='Задача 5 (К)'!E7 -> 1 | F7: ='Задача 5 (К)'!F7 -> 2 | G7: ='Задача 5 (К)'!G7 -> 0 | H7: ='Задача 5 (К)'!H7 -> 0
A9: Tц | B9: lambda
A10: =$B$7*MAX($D$7:$H$7)+SUM($D$10:$H$10)-MAX($D$7:$H$7) -> 17 | B10: =$B$7/A10 -> 0.47058824 | D10: =D$7*D$7/MAX($D$7:$H$7) -> 0.5 | E10: =E$7*E$7/MAX($D$7:$H$7) -> 0.5 | F10: =F$7*F$7/MAX($D$7:$H$7) -> 2 | G10: =G$7*G$7/MAX($D$7:$H$7) -> 0 | H10: =H$7*H$7/MAX($D$7:$H$7) -> 0 | I10: <- для расчета Tц
D12: p1 | E12: p2 | F12: p3 | G12: p4 | H12: p5
D13: =$B$7*D$7/$A$10 -> 0.47058824 | E13: =$B$7*E$7/$A$10 -> 0.47058824 | F13: =$B$7*F$7/$A$10 -> 0.94117647 | G13: =$B$7*G$7/$A$10 -> 0 | H13: =$B$7*H$7/$A$10 -> 0
D15: 1 | E15: =D15+1 -> 2 | F15: =E15+1 -> 3 | G15: =F15+1 -> 4 | H15: =G15+1 -> 5
C16: L | D16: =D17+D13 -> 0.67973856 | E16: =E17+E13 -> 0.67973856 | F16: =F17+F13 -> 8.4705882 | G16: =G17+G13 -> 0 | H16: =H17+H13 -> 0 | I16: =SUM(D16:H16) -> 9.8300654 | J16: ~ | K16: =B7 -> 8
C17: Q | D17: =D13*D13/(2*(1-D13)) -> 0.20915033 | E17: =E13*E13/(2*(1-E13)) -> 0.20915033 | F17: =F13*F13/(2*(1-F13)) -> 7.5294118 | G17: =G13*G13/(2*(1-G13)) -> 0 | H17: =H13*H13/(2*(1-H13)) -> 0
C18: T | D18: =D16/$B$10 -> 1.4444444 | E18: =E16/$B$10 -> 1.4444444 | F18: =F16/$B$10 -> 18 | G18: =G16/$B$10 -> 0 | H18: =H16/$B$10 -> 0 | I18: =SUM(D18:H18) -> 20.888889 | J18: ~ | K18: =$A$10 -> 17
C19: W | D19: =D17/$B$10 -> 0.44444444 | E19: =E17/$B$10 -> 0.44444444 | F19: =F17/$B$10 -> 16 | G19: =G17/$B$10 -> 0 | H19: =H17/$B$10 -> 0

Sheet 5.3
A1: Метод "баланса"
A2: № Вар | B2: Кол-во заявок в замкнутой СеМО, | C2: Кол-во фаз в замкнутой СеМО, | D2: Среднее время обработки заявок в ОА одноканальной многофазной СеМО (с),
D5: 1 фаза, | E5: 2 фаза, | F5: 3 фаза, | G5: 4 фаза, | H5: 5 фаза
A7: ='Задача 5 (К)'!A7 -> B5 | B7: ='Задача 5 (К)'!B7 -> 8 | C7: 5 | D7: ='Задача 5 (К)'!D7 -> 1 | E7: ='Задача 5 (К)'!E7 -> 1 | F7: ='Задача 5 (К)'!F7 -> 2 | G7: ='Задача 5 (К)'!G7 -> 0 | H7: ='Задача 5 (К)'!H7 -> 0
A9: pc | B9: Tц | C9: lambda
A10: =$B$7*$C$7/($B$7+$C$7-1) -> 3.3333333 | B10: =$B$7*D7/D13 -> 9.6 | C10: =$B$7/$B$10 -> 0.83333333
D12: p1 | E12: p2 | F12: p3 | G12: p4 | H12: p5
D13: =($A$10*D7)/(SUM($D$7:$H$7)) -> 0.83333333 | E13: =($A$10*E7)/(SUM($D$7:$H$7)) -> 0.83333333 | F13: =($A$10*F7)/(SUM($D$7:$H$7)) -> 1.6666667 | G13: =($A$10*G7)/(SUM($D$7:$H$7)) -> 0 | H13: =($A$10*H7)/(SUM($D$7:$H$7)) -> 0
D15: 1 | E15: =D15+1 -> 2 | F15: =E15+1 -> 3 | G15: =F15+1 -> 4 | H15: =G15+1 -> 5
C16: L | D16: =D17+D13 -> 2.9166667 | E16: =E17+E13 -> 2.9166667 | F16: =F17+F13 -> -0.41666667 | G16: =G17+G13 -> 0 | H16: =H17+H13 -> 0 | I16: =SUM(D16:H16) -> 5.4166667 | J16: ~ | K16: =B7 -> 8
C17: Q | D17: =D13*D13/(2*(1-D13)) -> 2.0833333 | E17: =E13*E13/(2*(1-E13)) -> 2.0833333 | F17: =F13*F13/(2*(1-F13)) -> -2.0833333 | G17: =G13*G13/(2*(1-G13)) -> 0 | H17: =H13*H13/(2*(1-H13)) -> 0
C18: T | D18: =D16/$C$10 -> 3.5 | E18: =E16/$C$10 -> 3.5 | F18: =F16/$C$10 -> -0.5 | G18: =G16/$C$10 -> 0 | H18: =H16/$C$10 -> 0 | I18: =SUM(D18:H18) -> 6.5 | J18: ~ | K18: =$B$10 -> 9.6
C19: W | D19: =D17/$C$10 -> 2.5 | E19: =E17/$C$10 -> 2.5 | F19: =F17/$C$10 -> -2.5 | G19: =G17/$C$10 -> 0 | H19: =H17/$C$10 -> 0
